{"vaildation-accuracy": 0.37800002098083496, "vaildation-loss": 1.704738974571228}