{"vaildation-accuracy": 0.7421000003814697, "vaildation-loss": 0.7387398481369019}